id;user;fullname;url;timestamp;replies;likes;retweets;text
1132977055300300800;KamdemAbdiel;Abdiel kamdem;;2019-05-27 11:49:14+00;0;0;0;È appena uscito un nuovo video! LES CRYPTOMONNAIES QUI PULVÉRISENT BITCOIN EN 2019 https://t.co/yCsQMvRnyS
1132977073402736640;bitcointe;Bitcointe;;2019-05-27 11:49:18+00;0;0;0;"Cardano: Digitize Currencies; EOS https://t.co/1kTKqKEBlS 6500% ROI; AT&amp;T Bitcoin Bill Pay https://t.co/eQCwOXKHK0   |  Cardano (ADA) 🌏📢😎🤑💵 | #FolloForFolloBack #follo4folloback #followforfollow #bitcointe #cryptocurrency"
1132977023893139456;3eyedbran;Bran - 3 Eyed Raven;;2019-05-27 11:49:06+00;0;2;1;Another Test tweet that wasn't caught in the stream ! bitcoin
1132977089089556481;DetroitCrypto;J. Scardina;;2019-05-27 11:49:22+00;0;0;0;"Current Crypto Prices! 

BTC: $8721.99 USD
ETH: $266.62 USD
LTC: $114.03 USD
BCH: $432.02 USD
XLM: $0.133 USD
DOGE: $ 0.00314 USD
NEO: $12.04 USD
XRP: $0.4092 USD
CANN: $0.001482 USD
EMC2: $0.1198 USD
XMR: $94.65 USD
BTG: $24.31 USD"
1132977092340191232;mmursaleen72;Muhammad Mursaleen;;2019-05-27 11:49:23+00;0;0;0;"Spiv (Nosar Baz): BITCOIN Is An Asset &amp; NOT A Currency.

https://t.co/FJru1ooxSM

https://t.co/fYBX4H6r6r

https://t.co/xZSjmZ0h3K

https://t.co/v7GRFIQG7w

https://t.co/Oq5hQt5hNn"
1132977100309319680;0nurTOKA;🐻🔫💥🐂🚀🙏;;2019-05-27 11:49:25+00;0;0;0;"#btc inceldiği yerden kopsun bakalım 17:00 ye kadar bir hareket bekliyorum, yukarı yönlü olur umarın sanırım inşallah yani 😁 https://t.co/pIMyKfNtc8"
1132977101638897665;evilrobotted;evilrobotted;;2019-05-27 11:49:25+00;0;0;0;"@nwoodfine We have been building on the real #bitcoin SV.

What have you been building on broken BTC?"
1132977108836323330;jabur_guilherme;Guilherme Jabur;;2019-05-27 11:49:27+00;0;0;0;"@pedronauck como investidor, vc é um ótimo dev. Sorte q eu comprei os BTC, subiu a poha toda :o"
1132977131850350593;INTBICON;億り人彼氏;;2019-05-27 11:49:32+00;0;0;0;"ブラジルはまぁ置いといてもドイツは存在感出してくるのかな。ロシアもマイニングなどで元気になるかと思ったらそこまででしたね。
https://t.co/gcAh2HrlW6"
1132977132714561536;MLWright15;ML Wright;;2019-05-27 11:49:32+00;0;0;0;"CHANGE IS COMING...GET READY!!! Boom, Another [CB] Jab, Nothing Can Stop This! Globalism at its end stage, [CB] push to make a one world govt. coming to an end. 

The People Are Taking the Lead, &amp; Leaders Will Have to Follow the Majority!!!

WWG1WGQ!!!

https://t.co/tAjFwxnWD4"
1132977076921933825;ltonews;LTONEWS;;2019-05-27 11:49:19+00;0;14;2;"One of the useful articles of Stefan; here is the guide, you can run a @LTOnetwork  node on Alibaba Cloud.

https://t.co/iJ9rlkaabt

#ltonetwork $lto
#Eth #xrpcommmunity #crypto #xlm
#xrp #blockchain #xrpcommmunity #eos #xmr #trx #ltc #enjin  #ethereum #bitcoin"
1130878355375501313;giving_airdrops;Daily_Airdrops;;2019-05-21 16:49:45+00;47;81;84;"BTC IS STILL GOING STRONG!!

Thus, we are giving away 0.04 BTC and 10 BNB to 2 lucky winners!

GIVEAWAY doubles at 250 RT! 

To enter:
Follow us 
Subscribe https://t.co/XDmlTtX3ie  
RT

#airdrop #bitcoin #ico #cryptocurrency 
#xrp #ETH #TRX #Binance
#ethereum #btc #crypto #bounty https://t.co/pbCOQu3Uzo"
1131208662423355393;Cybintelligence;CybIntelligence;nan;2019-05-22 12:42:16+00;3;2;7;BestMixer has been seized by the Dutch Police / Luxembourg Police and French Police w/ association from Europol. BestMixer was a Bitcoin Mixer/Tumbler. #Cryptocurrency #Bitcoin #BestMixer https://t.co/dXrEY9yAtt
1132977122102980608;optbus_hw45;Optimized Business;;2019-05-27 11:49:30+00;1;1;1;Invested my Life Savings into Bitcoin and Ethereum | Vlog #09 https://t.co/CEL0BXw3fs https://t.co/AET16t8a56
1132922663113023489;CCNMarkets;CCN.com;;2019-05-27 08:13:06+00;5;167;68;"Bitcoin Price Hits $8,939 in New 2019 High: What’s Driving the Hypnotic Rally? https://t.co/BADC8cBQdd"
1126881083314835457;mickad666;micka;nan;2019-05-10 14:06:01+00;0;0;0;share
1132977068948348928;coingiftt;１万円プレ企画🎁毎月開催;;2019-05-27 11:49:17+00;0;0;1;"【毎日プレゼント企画】
１万円分を抽選でプレゼント中！

【応募方法】
フォロー＆リツイート後
LINE友だち追加で完了！
↓
https://t.co/hRcnJtAfhN  

定期的に開催します！

#BTC #XRP #ETH
#リップル #ビットコイン #現金
#仮想通貨プレゼント https://t.co/JDoYPTypj2"
1132977067048525824;malfouh;Emad Almalfouh;;2019-05-27 11:49:17+00;1;1;1;"#Countdown #ComingSoon The $QLC airdrop, #Q_Gas tokens for every QLC holders, Don't waste the opportunity buy now and hold.

$btc $dent $poa $mco $sky $hot $link $btt $trx $gnt $sys https://t.co/CWDySJ8ab0"
1132971551471603712;BoilingPointLTC;Dr. Rob D.eez Nutz;;2019-05-27 11:27:22+00;1;19;6;You have roughly 6 days left to get your #LaunhPadFoundation 50/50 #raffle tickets in!! Current pot is around 16.5 #Litecoin!! Head over to https://t.co/qLTV0r5aF8 and grab your #tickets today!! #LTC #BTC #Crypto. #LitecoinFam #airdrop #DGB #DigiByte @jonnylitecoin @LTCFoundation https://t.co/aFIbK1Pd26
1132927455985979393;giving_airdrops;Daily_Airdrops;;2019-05-27 08:32:08+00;14;40;39;"BTC IS GOING CRAZYYY!

Thus, we are giving away 0.04 BTC and 10 BNB to 2 lucky winners soon!

GIVEAWAY doubles at 250 RT! 

To enter:
Follow us 
Subscribe https://t.co/XDmlTtX3ie   
RT

#airdrop #bitcoin #ico #cryptocurrency 
#xrp #ETH #TRX #Binance
#ethereum #btc #crypto #bounty https://t.co/NDMqjP63fY"
1132752137581203456;BerlyChain;Berly Chain;;2019-05-26 20:55:29+00;1;28;4;"$HOT $HOT $HOT 🍀

🚀🚀🚀🚀🚀

🔥🔥🔥🔥🔥 https://t.co/jtvvQJloPN"
1110302988;halfin;halfin;;2009-01-11 03:33:52+00;790;14470;5542;Running bitcoin
1124004746145222656;Drife_official;Drife;;2019-05-02 17:36:29+00;6;282;85;"https://t.co/Ip0ph8uZYn

#cryptocurrency #drife #blockchain #crypto #eos #eth #ethereum #btc #cabs #taxi #ride #rides"
1132977158975119361;AvaTrade;AvaTrade;;2019-05-27 11:49:39+00;0;0;0;"Crypto prices rose across the board over the weekend as Bitcoin nears $9,000 level.

Trade Bitcoin and other Crypto Currencies with #AvaTrade today!

#Trade #Crypto #Bitcoin #XRP #ETH #XLM #DASH #Litecoin #Blockchain

71% of retail investor accounts lose money. https://t.co/VYCJ88PQvK"
1132977164175982593;noticias_bit;Bit Notícias;;2019-05-27 11:49:40+00;0;0;0;https://t.co/6gs25lZoOO Outro grande banco holandês abandona lançamento de carteira para Criptomoedas. #bitnoticias #bitnada #bitcoin… https://t.co/qkfzMEWoHK
1132977155430707201;charlesaunger;Charles Aunger;;2019-05-27 11:49:38+00;0;0;0;"Bitcoin SV (BSV) Price Spikes 33%, Gains $1 Billion From a $55 Copyright Application - CCN https://t.co/DVF1AqJGxk https://t.co/7xIKJBb2e2"
1132977172526850048;damiaovieiraofc;Damião Vieira;;2019-05-27 11:49:42+00;0;0;0;"Global coin (GC) já começa errada, sendo uma coin pra brigar com BTC junta do governo e Centralizada, vocês não entenderam o Conceito do BTC ainda, né? https://t.co/dhEPv1Fm6P"
1132977172778405889;charlesaunger;Charles Aunger;;2019-05-27 11:49:42+00;0;0;0;"Bitcoin Whales Move 27019 BTC in Crypto Rally – Plus Ripple and XRP, Ethereum, Litecoin, Stellar, Tron, Cardano - The Daily Hodl https://t.co/8W0dp4YKTi https://t.co/nElvOLiGdV"
1132977185910870016;sigizmundo8;sigizmund;;2019-05-27 11:49:45+00;0;0;0;🤣🤣🤣
1132977189694124032;FinZTribune;ZTribune;;2019-05-27 11:49:46+00;0;0;0;"As Intel $INTC Valuation Rose, Btc Capital Management Has Increased by $418,968 Its Position; Schlumberger LTD $SLB Share Price Declined While Mcdaniel Terry &amp; Co Cut by $1.42 Million Its Holding https://t.co/HmDE6GHvVW"
1132977195633303553;jjhulla9;Jayy sqaur3d;;2019-05-27 11:49:47+00;0;0;0;This is true. Crypto currency is a new asset class people are just now beginning to understand. I'll see my fellow traders on the Moon.
1132977199332646914;sheikki;sheikki;;2019-05-27 11:49:48+00;0;0;0;"@APompliano If by Bitcoin you mean BSV, I fully agree with you. However, if you're talking about BTC, you couldn't be more wrong. Five years from now nobody will even remember what BTC was"
1132977502727618560;DeepaBh00343796;Deepa Bhardwaj;;2019-05-27 11:51:01+00;0;0;0;Pls save cuttoff 60/ 65
1132823137756819457;crypto_birb;Crypto₿irb;;2019-05-27 01:37:37+00;31;141;8;bitcoin may pump to 100k but I bet my ass 1DOGE=1BTC this season
1132977164125708289;dergigi;Gigi;;2019-05-27 11:49:40+00;1;1;1;"@keyvandavani @TuurDemeester @100trillionUSD @jimmysong @ToneVays @TraceMayer How many sats per person? 

~3 million lost.
18 mil / 10 bil = 0.0018 BTC per person.
= 180k sats per person 

Math can't answer the question though, because you would have to take hodlers of last resort into account. And other things, like timelocked and future lost coins etc."
1132904459749789696;IndodaxOfficial;Indonesia Digital Asset Exchange;;2019-05-27 07:00:46+00;3;12;8;"Setelah bekerja sama dengan Microsoft untuk melacak biji kopinya menggunakan Blockchain, Starbucks kembali menjadi perbincangan. Bekerja sama dengan Bakkt, Starbucks di Amerika Serikat mungkin akan menerima BTC sebagai alat pembayaran tahun ini.

Sumber: https://t.co/XDWFoXMYch https://t.co/ieYhMS1iAD"
1132978323498442752;DastardlyDaniel;Ⓓ-ⓀⒶⓃⒼ;;2019-05-27 11:54:16+00;0;0;0;@MarkMarkafv @SrCapilla @woonomic The Virgin Shitcoin pattern vs the Chad Bitcoin Pattern
1132228484552486912;cryptowhitewalk;Crypto White Walker;;2019-05-25 10:14:41+00;8;94;76;"ohh and just incase anyone is interested in some free $BTC
9100 by 06/15
follow..like..retweet for a chance to win
amount has been increased from 0.1btc to 0.12 thanks to
@dontknow_phew https://t.co/b4WSGVZWuE"
1105610249069883392;coinairdropall;Crypto Airdrops;;2019-03-12 23:23:19+00;1;0;1;"#Bitcoin #Satoshi #crypto #blockchain #Airdrop
New Airdrop #Idap 📢

Idap Round 3 airdrop is worth 200 #IDAP and 200 #IDAP by referral ✈️💰

1. Sign up Here : https://t.co/HHixVAi42h 🚀

2. Verify your Email

3. +200 #IDAP by ref https://t.co/0b8MgKDve1"
1132977222094970880;nave_en_kumar;Naveen;;2019-05-27 11:49:54+00;0;0;1;#Elections2019 #Varanasi #MondayMotivation #JayeshbhaiJordaar #Ahmadiyya #bitcoin #mondaythoughts #Prabhas #ModiInVaranasi #Saaho #Bharat #MondayMorning #Devi2In4Days #ManojPahwa #BharatWithFamily https://t.co/Ewf0rpOaIF
1132980268439150592;DeribitRekt;DeribitRekt;;2019-05-27 12:02:00+00;0;0;0;"⏰ LIQUIDATION on BTC-PERPETUAL ☠️️

 Bought $10 of #BTC @ $8777.50
 27 May 2019 12:01:37 UTC
Trade ID: 22290894"
1132980268493615106;DeribitRekt;DeribitRekt;;2019-05-27 12:02:00+00;0;0;0;"⏰ LIQUIDATION on BTC-PERPETUAL ☠️️

 Bought $300 of #BTC @ $8780.00
 27 May 2019 12:01:37 UTC
Trade ID: 22290903"
1132977222623617024;Utoday_en;U.today;;2019-05-27 11:49:54+00;0;1;1;#LTCprice surges ahead of $BTC quotes as users show more interest in the #LTCnetwork $LTC #Litecoin #LTChalving #top10coins https://t.co/FJy0nUwdkI
1132791933028319232;lalooovi;Laloo;nan;2019-05-26 21:33:37+00;0;0;0;"$BTC 8,700 va para los 10,500 esta semana"
1132977188087717888;OlatotseLegoh;legoh olatotse;;2019-05-27 11:49:45+00;0;0;1;mahachi👏👏👏 https://t.co/YONsRNRy6y
1132976191114227712;crypto_sarah9;⭐️ Crypto Sarah ⭐️;;2019-05-27 11:45:48+00;3;42;8;It's beginning! https://t.co/V0MyRYS91q
1132977242823417859;lubian_gonzalez;Jose Maria Lubian Gonzalez;;2019-05-27 11:49:59+00;0;0;0;@PacoBersabe Bitcoin precisamente no es como las demás. Todas son susceptibles de fracasar (incluida BT) si no se utiliza como reserva de valor o medio de intercambio. Pero la unica qué tiene las características de dinero bueno hasta la fecha es BT.  Recominedo https://t.co/wFuEfiegnL
1132977245801394177;nefertititrade;Nefertiti Tradebot;;2019-05-27 11:49:59+00;0;0;0;Done Sell. $SRN-BTC priced at 0.018713 #Bittrex
1132977246442885121;yh_shiraishi;Yohei Shiraishi;;2019-05-27 11:49:59+00;0;0;0;200万円で買って40万円で売ったのももはや誤差やな
1132977250100342791;dung1prohb;AligaPika;;2019-05-27 11:50:00+00;0;0;0;"I hope that the project will be interested in large investment funds. This platform deserves attention.Experienced specialists are working on the project.
#KOI #KOITOKEN #Crypto  #Blockchain  #ethereum #bitcoin #ether  #cryptocurrency   #tokensale.
@koitoken"
1132977255393710080;stolenfriend;Nighat Mursaleen;;2019-05-27 11:50:02+00;0;0;0;"Spiv (Nosar Baz): BITCOIN Is An Asset &amp; NOT A Currency.

https://t.co/3WmF9pr26H

https://t.co/tPiVP2uljf

https://t.co/Iggmuwnt9D

https://t.co/zy0LoGJ5Uu

https://t.co/WVtEytPRIN"
1132977256358326272;dashpayprice;dashpayprice;;2019-05-27 11:50:02+00;0;0;0;"dash/btc: 0.0188
dash/usd: 161.87
btc/usd:   8720.85"
1132977256316526593;CoinCapsAi;CoinCaps.ai;;2019-05-27 11:50:02+00;0;0;0;"Top 5 #cryptocurrencies 
 Alert Time: 2019-05-27 14:50:02
#Bitcoin: $8,706.712
#Ethereum: $266.511
#XRP: $0.409
#BitcoinCash: $432.692
#Litecoin: $113.525
#btc #xrp #enigma $JPY #smartmoney

https://t.co/rdEr8N5koT"
1132977259609034752;thehuntisonxyz;The hunt is on;;2019-05-27 11:50:03+00;0;0;0;A new content found from Satoshi's treasure. Check this from https://t.co/B9KRFhr1aw #thehuntison #SatoshisTreasure #bitcoin
1132977259638165504;TonirLapine4861;暗号通貨情報＠稼ぐ;;2019-05-27 11:50:03+00;0;0;0;"ICYMI: Ruden Holding, a Japanese real estate company, to use #Bitcoin and #NEM blockchain for contract based settlements. Read the full story below👇"
1132977259910877189;statesupervisch;indiazeppelin;;2019-05-27 11:50:03+00;0;0;0;"@CNBCFastMoney Great to @CNBCFastMoney back on the bitcoin bandwagon ........ when $20,000? Soon! When XRP $5? Soon!!!!!! #xrp"
1132977263622803456;tomar_saniya;Saniya Tomar;;2019-05-27 11:50:04+00;0;0;0;"@CryptoBull 

BitMEX’s Hayes: Bitfinex’s LEO Sale Sign Of Returning Bitcoin Bull Market

Weeks ago, Bitcoin exchange giant Bitfinex raised $1 billion worth of capital, purportedly denoted in Tether’s USDT, in an in-house initial exchange….read more https://t.co/rlMUzohmZN"
1132977265548156928;nuzakelijk;NUeconomie;;2019-05-27 11:50:04+00;0;0;0;"Bitcoin zet opmars voort, klimt richting 9.000 dollar https://t.co/gFsIFouWwa"
1132974840959459329;Fahim_BTX;Fahim_₿TX;;2019-05-27 11:40:26+00;4;28;16;"$BTX @Bitcore_BTX $1.11 +28.29%
create your own watchlist on @COIN360com #COIN360 
#BTX @bit_send @megacoin_mec @Megacoin__MEC #BSD $BSD #BTC https://t.co/NDKhBMOS9I"
1132977265900511232;eduardoleon22;eduardo leon;;2019-05-27 11:50:04+00;0;0;0;Find the best Cryptocurrency and Bitcoin Affiliate Programs on Forex Directory! #CryptocurrencyAffiliatePrograms #CryptocurrencyAffiliateMarketing #BitcoinAffiliatePrograms #BitcoinAffiliateMarketing #ForexDirectory https://t.co/vLTo16I7El
1132977266269466624;L00Y;篠坂 🦀blockchain🦀;;2019-05-27 11:50:04+00;0;0;0;"05/27 20:50 現在のビットコインの価格
BTC/JPY ask: 953,208 / bid: 952,606
・sp: 602  ・ps: +0.127%"
1132977267423031296;criptonizando;Criptonizando;;2019-05-27 11:50:04+00;0;0;0;"Bitcoin dispara, fica muito perto de US$ 9000 e atinge máxima em 2019
https://t.co/zvEuNX3Ns5 https://t.co/hpIqvn9cVM"
1131564024548732933;CRESIOcoin;CRESIO;;2019-05-23 14:14:21+00;4;46;30;"Cresio and Airdrop Alert in MALTA AI &amp; BLOCKCHAIN SUMMIT 2019 @BlockchainMT @Airdropalertcom 

#btc #bitcoin #cresio #cres #trade #trading #signals #airdrop #bounty #token #ethereum #xrp #ripple #multiexchange #exchange #cryptocurrency #ico #blockchain #investor #profit #crypto https://t.co/kn5IXou4LW"
1132977271629737985;Benysatriaputr3;Beny satria putra;;2019-05-27 11:50:05+00;0;0;0;#VRPARK #ICO #TOKEN
1132752704835604483;Schuldensuehner;Holger Zschaepitz;;2019-05-26 20:57:45+00;11;109;52;#Bitcoin hits 12mth high in sudden parabolic swing. https://t.co/KX9UkpgaHW
1131777350209683456;cotrader_com;cotrader.com;;2019-05-24 04:22:02+00;2;14;8;"Will Jimmy Song lose his $500K bet with Joe Lubin, with 25 dApps at 5k MAU already, 4 years early?

The bet: will 5 dapps have 10k users by May 23 2023:

If yes, Jimmy to pay Joe 810.8 ETH.

If no, Joe to pay Jimmy 69.74 BTC

@jimmysong vs @ethereumJoseph

https://t.co/rl1atOBp52"
1132977238096404480;IT_Times_de;IT-Times.de_IT News;;2019-05-27 11:49:57+00;0;0;1;Kryptowährungen steigen erneut deutlich - Bitcoin-Kurs über 8.700 Dollar #Ethereum https://t.co/SDj2tKns4f https://t.co/t1UNxtltKi
1132971025677688834;TronVegasOnline;TronVegas;;2019-05-27 11:25:16+00;1;12;6;"♦️Huobi Wallet Event♦️

⚠️Only 5 Hours left to Participate⚠️

♦️Simply have any amount over 1000 TRX in the wallet at that time♦️

💫Share 50,000 TRX + 6,666 KENO💫

@huobiwallet @TheCryptoTimes_ @crypto @CryptOrca @ForbesCrypto @binance 

#tron #vcoin #crypto #dapps #eth #btc https://t.co/FrNmwI2V0d"
1132977267502669824;9OHifJ3LYR6pSrl;Владимир;;2019-05-27 11:50:04+00;0;0;1;All users is very good. https://t.co/JUB1fUuipT
1132977272162377730;marko_55;マルコ;;2019-05-27 11:50:06+00;0;0;0;"為替(19/05/27 20:50㈪現在)

米ドル → 109.49円
香港ドル → 13.95円
台湾ドル → 3.48円
中国元 → 15.87円
ユーロ → 122.60円
英ポンド → 138.98円
BTC → 960438.60円"
1132977272623779842;ccexapp;Bitcoin  Forecast ;;2019-05-27 11:50:06+00;0;0;0;"Tomorrow's KIZUNACOIN(KIZ) forecast is
        
△UP 57% 
▼DOWN 43%

#KIZUNACOIN, #KIZ

Bitcoin Forecast (iOS)
https://t.co/mGv869Ccp6 https://t.co/PAMNJTBp6T"
1132977276449112064;inputspike;Inputspike;;2019-05-27 11:50:07+00;0;0;0;"BTC/POA (Binance) gained 7.29% in the last 20 min. 0.03083687USD, 0.00000379Ƀ $POA #POANetwork #cryptocurrency https://t.co/GgWeZf2eOz"
1132977276738387969;ernadettebond35;さくら;;2019-05-27 11:50:07+00;0;0;0;"BTC

莫大な資金によって意図的につくられ、

市場の関心をトレンドライン一点に集め、

それが意図的にブレイクされた瞬間

大口はこのブレイクによって、市場心理をどちら側に持っていきたいでしょう。 https://t.co/2A1u6EEGfG"
1132977288767787009;jasonclarktwit;Jason Clark;;2019-05-27 11:50:09+00;0;0;0;"this channel called $DGB before it made 6x. they only share high reward, low risk signals. join:

https://t.co/DCwubDNWGc

$BTC $ETH $ETC $BCH $LTC $XRP $DASH $BTG $XLM $XMR $ZEC $ADA $SNT $NEO $NXT $OMG $POWR $VTC $LUX $XEM $LSK $DGB $DOGE $XVG $GRS $AMP $ZCL $DRGN $DCR 76987"
1132975119176015873;mariita52steem;mariita52;;2019-05-27 11:41:32+00;0;1;1;"Day # 2 Making noise on twitter.
### Sharing seven STEEMians Seven77.
happy life.
russia-btc's twitter Feed : 2019/05/27 13:10:53 — Steemit https://t.co/e3VUl3hjdM"
1132977294195081216;DavidKubot;David Kubot;;2019-05-27 11:50:11+00;0;0;0;@CryptosBatman Bitcoin keychain 😂
1132977297395474434;EdnaSiSimpsons1;仮想通貨イタチ;;2019-05-27 11:50:12+00;0;0;0;"BTC
週足ベースでの大きな下落後のW底っぽい値動き形成中だけども一枚目黒丸の所下落に対しての上昇圧が弱すぎるかつ乱高下しながらの上昇で底固めも大してしてないので大きく上昇していくか疑問
２、３枚目の４時間足では平行レンジともウェッジとも言える動きを形成中 https://t.co/RkEnO9qnD2"
1132977301065523200;GolebiewskiGreg;Greg Golebiewski;;2019-05-27 11:50:12+00;0;0;0;"@illespal @mdudas My original point though was in response to Dudas' With BTC at $8000, this is your chance to get rich. I think it is important for all would-be BTC millionaires to understand how speculative assets gain/lose its value."
1132977303586258944;beren_eroglu;Beren Eroglu;;2019-05-27 11:50:13+00;0;0;0;@trendcizgisi Bitcoin yukselcek mi..kriptoya da mi bulassam :))
1132977315753934848;RolloMcFloogle;Rollo McFloogle;;2019-05-27 11:50:16+00;0;0;0;Does anyone have the URL to the website that shows how much more time is needed to confirm a transaction on a bunch of altcoins to have the equivalent proof of work of a #Bitcoin confirmation? I cannot remember it for the life of me.
1132977323614121984;PaulMcGowan75;Paul McGowan;;2019-05-27 11:50:18+00;0;0;0;"#MATIC 👊

#BINANCE #BITCOIN https://t.co/lMCqAeYEUL"
1132977325224714240;jimmy_rosset;CryptoNaut;;2019-05-27 11:50:18+00;0;0;0;@candles_ste Le Bitcoin ne ferme jamais :)
1132977334934560768;techterrene;Techterrene;;2019-05-27 11:50:21+00;0;0;0;Bitcoin rallies 10% to hit 12-month high https://t.co/MRTajQw1xG
1132977339867045888;hb_finanzen;HandelsblattFinanzen;;2019-05-27 11:50:22+00;0;0;0;"Die Cyberwährung Bitcoin steht kurz davor, wieder mehr als 9000 Dollar zu kosten. Institutionelle Investoren auf dem Markt treiben die Preise. https://t.co/g0Yy2HIiAe"
1132934338247401472;BitcoinSergio;Sergio Valenzuela ⚡ Bitcoin y Criptomonedas;;2019-05-27 08:59:29+00;0;5;2;"#BTCUSD, 4H en mi canal de #Telegram
#bitcoin #btc #criptoactivos #criptomonedas #criptotrading #criptoinversion 
https://t.co/iZPcDiZIR8 https://t.co/Ed5Q8s0Xf1"
1132895172805767168;BelensayFinans;𝔂𝑒ş𝒾𝓂𝒷𝑒𝓁𝑒𝓃𝓈𝒶𝓎;;2019-05-27 06:23:52+00;0;69;51;"Shangai Composite %1,55 e taşıdı Prim oranını veeee,Grafikler DİRENÇLERİ aşmak üzere..

#DOLAR
#DolarTL
#bist
#bist100 
#usdtry
#USDTRY
#XU100 
#𝒷𝑒𝓁𝑒𝓃𝓈𝒶𝓎 2012
#doge #dogeusd
#btc #btcusd
YTD"
1132924496996950022;theo_crypto99;Theo📚 Crypto99™;nan;2019-05-27 06:20:23+00;0;0;0;"Well said. This is what i am trying to show/tell you guys. Here it is given on a silver platter. Good luck peeps
#crypto #bitcoin"
1126826102956204033;thabubbajames;Crypto Bubba;nan;2019-05-10 10:27:33+00;0;0;0;😂😂
1132893150312185856;DigiFinex;DigiFinex Exchange;;2019-05-27 06:15:49+00;164;1335;161;#Bitcoin on @WheelofFortune ! (Posted by CryptoParody on Reddit.) https://t.co/Aq43sP9ANQ
1126819107322695681;SwingTrader1974;Ta-Trade;nan;2019-05-10 09:59:45+00;0;0;0;@mark_dow Bitcoin is the one imv
1126820046389567488;TxHodlEm;Texas HodlEm;nan;2019-05-10 10:03:54+00;0;0;1;Bitcoin FUDsters RN https://t.co/Yxo3TCxQci
1126820342025064448;Paul__Brainy;Paul Brainy;nan;2019-05-10 10:04:39+00;0;0;0;"@KennETHbosak ""Banking on Bitcoin"" on Netflix."
1132977015278243841;CryptoHangover;𝔼𝕝𝕞𝕠😸👩‍🚀🧙‍♂️;;2019-05-27 11:49:04+00;1;29;7;"I didn’t buy enough #bitcoin at thee bottom! 
Waiting, Hoping &amp; Praying for hyperwave bottom target 🥶 https://t.co/4eEzIbtg4M"
1132737827282800642;neha;Neha Narula;;2019-05-26 19:58:37+00;54;715;70;"No, you're really not. This is gaslighting bullshit. The entire thread is a travesty.

Always question, never settle, and know that there are lots of us who try to debate, criticize, learn, and improve without being jerks. https://t.co/YbGmBSo2GO"
1132828181394874368;APompliano;Pomp 🌪;;2019-05-27 01:57:40+00;142;1476;177;"Someone check on @nouriel.

Bitcoin seems to be coming back with a vengeance ever since he blocked most of Bitcoin Twitter."
1129863579119886336;m3tals1;m3tals;;2019-05-18 21:37:23+00;4;29;7;"@xrp_news @coinbase @APompliano I’m ‘fairly’ new to Crypto, so I had only transferred XRP to a couple of places. So, when I first transferred BTC it took so long that I actually thought I had “lost” all my money... https://t.co/t8fybNlmwL"
1132799240424558593;MoonOverlord;Moon Overlord;;2019-05-27 00:02:39+00;21;382;41;"Keep your eye on the prize bears you got this.

$BTC https://t.co/89BC3Yykjf"
1132977351275323394;PaulESamson;Paul Samson;;2019-05-27 11:50:24+00;0;0;0;(15 Great Ways for Absolute Beginners to Learn About Bitcoin (BTC)) News Aggregated By https://t.co/HdKcH29ZKZ - https://t.co/PoOebNFBMU #Crypto #cryptocurrency #Cryptonews
1132897082438770688;BelensayFinans;𝔂𝑒ş𝒾𝓂𝒷𝑒𝓁𝑒𝓃𝓈𝒶𝓎;;2019-05-27 06:31:27+00;1;76;49;"Aklı olmayandan hiçbir şey olmaz,arkadaşlar.

#DOLAR
#DolarTL
#bist
#bist100 
#usdtry
#USDTRY
#XU100 
#𝒷𝑒𝓁𝑒𝓃𝓈𝒶𝓎 2012
#doge #dogeusd
#btc #btcusd
YTD"
1132977366135955456;andrewfinney79;AndrewMacLean-Finney;;2019-05-27 11:50:28+00;0;0;0;@ElizabethNoll @redditships Probably still in Bitcoin. Bought 300k and then it dropped 2/3rds in price leaving 100k. Husband has probably been holding onto it for a year going it will recover and he can put it back without ever telling her.
1132977371647229952;DetroitCrypto;J. Scardina;;2019-05-27 11:50:29+00;0;0;0;"Current Crypto Prices! 

BTC: $8718.83 USD
ETH: $266.54 USD
LTC: $114.02 USD
BCH: $432.01 USD
XLM: $0.1328 USD
DOGE: $ 0.003139 USD
NEO: $12.04 USD
XRP: $0.4091 USD
CANN: $0.001482 USD
EMC2: $0.1201 USD
XMR: $94.62 USD
BTG: $24.31 USD"
1039389600546996224;coinimonster;CoiniMonster (Not giving away Coins);;2018-09-11 05:46:06+00;0;3;2;"I didnt tether at $7300 #iamspartacus
$btc $eth $tusd $ocn"
1132977387778519042;Carlos1138;Carlos R.;;2019-05-27 11:50:33+00;0;0;0;The latest The CryptoCoins Daily! https://t.co/qbGdF2bq6v #crypto #bitcoin
1132977392136445953;coinspectator;Coin Spectator - Real-time cryptocurrency news;;2019-05-27 11:50:34+00;0;0;0;How to Buy Litecoin in 2019 – Preparing for the Litecoin... #bitcoin #altcoins #ico Cryptocurrency News https://t.co/3eWSC3LEU5 https://t.co/RtS50QBvCP
1132977398469648385;ThinkingETH;Arthur (Ether is Money);;2019-05-27 11:50:36+00;0;0;0;"@KelvinK06741463 Just curious, how do you package the BTC gift in a more presentable way? Giving her a ledger and send her the BTC afterwards doesn't sound so user friendly."
1132977405960904704;rhum01;rhum;;2019-05-27 11:50:37+00;0;0;0;"@JohnLafrance looking at the weekly candles -&gt;
https://t.co/cYL2iCPi8e"
1132977413833601024;Ziba59188395;Ziba;;2019-05-27 11:50:39+00;0;0;0;"@AliveCasino ,@ARFREYR, @ArthurB ,@ZiaNabavi1 ,@AmeerRosic ,@coin_wonder ,@wizkidayo ,@yegg ,@cni ,@bijancbayne ,@bah"
1132977413577748480;CryptoBreakNews;Crypto Breaking News;;2019-05-27 11:50:39+00;0;0;0;Why Analysts are Adamant Bitcoin Rally is Just Gettin’ Started After 130% Gain https://t.co/WP1n4mLEPc https://t.co/w1YJNoyOTa
1132977418602516480;AXAIRDAM;AXAIR;;2019-05-27 11:50:40+00;0;0;0;"Omslagpunt nabij?
https://t.co/svjp6xw82J"
1132977418921238528;IDOLCOIN_bot;IDOLCOIN Price;;2019-05-27 11:50:41+00;0;0;0;"$IDOL(BTC)
Price: 1sat
Volume: 0.0 BTC
$IDOL(DOGE)
Price: 0.00017 DOGE(0.00598sat)
Volume: 2594 DOGE(0.001 BTC)
$BTC(JPY)
￥953003"
1132977418757640192;dcolgren;David Colgren;;2019-05-27 11:50:40+00;0;0;0;Bitcoin Climbs to Highest in a Year Amid Cryptocurrency Comeback https://t.co/28VeeDZSLj
1132977421551058944;dcolgren;David Colgren;;2019-05-27 11:50:41+00;0;0;0;"The latest BLOCKCHAIN &amp; DISTRIBUTED LEDGER! https://t.co/9TYdsJjNKd Thanks to @joel02029804 @BlockChainCampu @Fintech__Forum #blockchain #bitcoin"
1132977423988006912;kryptonewsde;Krypto News DE;;2019-05-27 11:50:42+00;0;0;0;Kryptowährungen steigen erneut deutlich - Bitcoin-Kurs über 8.700 Dollar  https://t.co/NwBbxRGiJk
1132973133777035264;holochainnews;HOLONEWS;;2019-05-27 11:33:39+00;1;152;44;"New release!

holochain-nodejs-v0.4.16-alpha2 has been released 2 hours ago.

 https://t.co/PPdfU3h7yQ

#holochain #Holo #xrp #ETHEREUM #xrpcommmunity #bitcoin #xlm  #crypto #eos  #internet #trx #ltc #decenteralized #apps #dapps #Software #development #developer #binance"
1132894347723182081;BelensayFinans;𝔂𝑒ş𝒾𝓂𝒷𝑒𝓁𝑒𝓃𝓈𝒶𝓎;;2019-05-27 06:20:35+00;0;63;47;"Belensay ÇİN de yaşamıyor..

ÇİN deki GÜNDEM nedir ilgilenmez.

MESELE,GRAFİKLERDİR..

#DOLAR
#DolarTL
#bist
#bist100 
#usdtry
#USDTRY
#XU100 
#𝒷𝑒𝓁𝑒𝓃𝓈𝒶𝓎 2012
#doge #dogeusd
#btc #btcusd
YTD"
1126950212914880521;Ozutam;Murat;nan;2019-05-10 18:40:43+00;0;0;0;#kumbara
1126884238421217280;de9roit;dice k;nan;2019-05-10 14:18:33+00;0;0;0;Lfg!!!
1126889911255216129;b_mahyo;mahyo;nan;2019-05-10 14:41:06+00;0;0;0;great
1126894681013542913;sjmaliz;Sjmaliz;nan;2019-05-10 15:00:03+00;0;0;0;🐮#btc
1126958025976295425;vexiked;Mike D;nan;2019-05-10 19:11:45+00;0;0;0;#qkc #btc
1127004033162588160;hao32927291;hao;nan;2019-05-10 22:14:34+00;0;0;0;nice
1127033778826645504;Verdict;ryan;nan;2019-05-11 00:12:46+00;0;0;0;$1000 left!
1132977412701134848;Zel_Core;ZelCore-with ❤️ by $Zel;;2019-05-27 11:50:39+00;0;3;2;Win + ❤️ https://t.co/3vfzboSaad
1132865716355510273;CryptoAmb;AMBCrypto;;2019-05-27 04:26:49+00;0;11;6;"Bitcoin prices hit $150 billion market cap for the first time in 2019 as prices pump by 11%
https://t.co/sPW3jjiWr2
#btc #bitcoinprice #pricesurge"
1126826740678967296;My42644955;My;nan;2019-05-10 10:30:05+00;0;0;0;Nice projcet
1132980386403823619;yoshino_coin;yoshino;;2019-05-27 12:02:28+00;0;0;0;"焼けた笑
さすがBTC頭おかしい…笑"
1132854283609575424;ProofOfSteve;Steve ₿;;2019-05-27 03:41:23+00;2;51;11;"Get ready for a swell of public and media interest in #Bitcoin again once the price hits $10,000. Its a psychological round number which as humans we are conditioned for this to peak our interest. #btc #crypto"
1132896990860328960;BelensayFinans;𝔂𝑒ş𝒾𝓂𝒷𝑒𝓁𝑒𝓃𝓈𝒶𝓎;;2019-05-27 06:31:05+00;1;82;54;"Arkadaşlar..Biz,bu milletin aklı olan kesimine HİTAP ediyoruz.

#DOLAR
#DolarTL
#bist
#bist100 
#usdtry
#USDTRY
#XU100 
#𝒷𝑒𝓁𝑒𝓃𝓈𝒶𝓎 2012
#doge #dogeusd
#btc #btcusd
YTD"
1132878141725167616;blocksearch;Blockchain Intelligence Group;nan;2019-05-27 03:16:11+00;0;7;3;"BIG Blockchain Intelligence Group announces acquisition of Netcoins Operations, entry into Bitcoin Institutional OTC Trading and Cryptocurrency Custody Services - https://t.co/64CtBRv9uV"
1132851310896848902;Josh_Rager;Josh Rager 📈;;2019-05-27 03:29:34+00;26;300;24;Thanks for ruining the $9k targets guys https://t.co/OseXAvMu1K
1132977443713822720;digital_mine_;digital mine ⚡🤖👨‍💻;;2019-05-27 11:50:46+00;0;0;0;Daily profit for HODLING BTC since 2013 Data taken since 29/10/2018 @ 10:45am (UTC) Updated every hour #bitcoin #btc #cryptocurrency #blockchain #cryptotrade #profit #digitalmine https://t.co/TrBji0Se0w
1132977456208535552;Rahulku48630663;Rahulxyz;;2019-05-27 11:50:49+00;0;0;0;"nice project good one ##
@barrysilbert @HenrikhMkh @KDTrey5 @KSHMRmusic @AriDavidPaul @psskow @Unathi_Kwaza @kpagekirby @ZHAF_NST @GStephanopoulos"
1132977473052913665;WhatsappEmoji;whatshappening;;2019-05-27 11:50:53+00;0;0;0;"1. #BTC: $8704.59 (9.36%)
2. #ETH: $266.60 (7.3%)
3. #XRP: $0.41 (7.21%)
4. #BCH: $433.53 (9.03%)
5. #LTC: $113.55 (12.85%)
6. #EOS: $6.95 (10.36%)
7. #BNB: $34.35 (1.75%)
8. #USDT: $1.01 (0.47%)
9. #XLM: $0.13 (6.2%)
10. #ADA: $0.09 (7.95%)

#blockchain #crypto #altcoin"
1132977477679292416;boukman2004;Senet Achil;;2019-05-27 11:50:55+00;0;0;0;"$BTC.X Robinhood Uses BitLicense, Brings Zero-Fee Crypto Trading to New York https://t.co/wKV7dENVXa"
1132977479499563008;BitcoinBlockNtf;BitcoinBlockNotifier;;2019-05-27 11:50:55+00;0;0;0;"-=[ 578.020 ]=-

Txs: 1
Size: 288 bytes
Stripped: 288 bytes
Time: 1558957844

Reward: 12.5 BTC
Fees: 0 BTC
Miner: BTCcom

Mempool: 7.159 txs"
1132977479495430144;BitcoinBlockNtf;BitcoinBlockNotifier;;2019-05-27 11:50:55+00;0;0;0;"-=[ 578.019 ]=-

Txs: 2.687
Size: 1.16 MB
Stripped: 0.88 MB
Time: 1558957836

Reward: 12.5 BTC
Fees: 1.15324107 BTC
Miner: AntPool

Mempool: 7.159 txs"
1132977484348108803;Tz225;1億UPキノコ;;2019-05-27 11:50:56+00;0;0;0;"BTCとXRPの上げで資産1.1億になった。
残り98.9億円。 https://t.co/GJjtTigm5T"
1132977487539974144;khaights;코인코드;;2019-05-27 11:50:57+00;0;0;0;"0.1 BTC 이상 보유한 비트코인 지갑 수 “사상 최고치 경신”

#비트코인 #btc $btc #비트코인지갑
https://t.co/kWR2ZX4BIf"
1132977490488635393;hammileon;Виктор;;2019-05-27 11:50:58+00;0;0;0;I liked the project very much
1132977492329947136;GabeCoin;Gabriel Sukenik;;2019-05-27 11:50:58+00;0;0;0;"Dear @tokenhiphop, this is your crypto advisor w the latest update in the markets. 

Bitcoin currently trading at ~$8700, so Token’s token portfolio up ~ +270%. It seems the Somewhere In Between tour marked the end of the crypto bear market. 

..nobody talks about this 🧐👨‍💻😎"
1132899062926192640;BelensayFinans;𝔂𝑒ş𝒾𝓂𝒷𝑒𝓁𝑒𝓃𝓈𝒶𝓎;;2019-05-27 06:39:19+00;0;92;61;"Evet...Haftaya hızlı girmiş olduk..:))

BELENSAY hesabı böyle bir hesap,kendi hesabını yapan hesap..

#DOLAR
#DolarTL
#bist
#bist100 
#usdtry
#USDTRY
#XU100 
#𝒷𝑒𝓁𝑒𝓃𝓈𝒶𝓎 2012
#doge #dogeusd
#btc #btcusd
YTD"
1132977454165970944;ArifSaiyad_ASA;Arif Saiyad;;2019-05-27 11:50:49+00;0;6;1;"It was wonderful meeting @bobbyclee along with @KB_Shroff. We had a great time discussing the industry and its future trends. 

#technology #bitcoin #tech #industry #investment #future #futuretrends #blockchain #trends https://t.co/lElr3YfF3K"
1132928889469071360;CoinDeskMarkets;CoinDesk Markets;nan;2019-05-27 06:37:50+00;2;27;7;"BTC 

Pullbacks if any all likely be short-lived. BTC has found acceptance above $8,300 after multiple attempts. 

So, pullbacks if any will likely recharge engines for a rise above $9k"
1132904526955065344;100trillionUSD;Plan₿;;2019-05-27 07:01:02+00;26;632;221;$USD lost 99.99% of it's value ... against #bitcoin 2011-2019 https://t.co/BeUq4yBeND
1132975605576851461;Stake;Stake.com;;2019-05-27 11:43:28+00;2;7;3;💀 Warning! Deadly Mines challenge! Do you have what it takes to complete our most explosive challenge yet? If so be sure to claim your spot in this prize pool of up to 0.1 Bitcoin! https://t.co/JqYw9Ta5LG #stake #challenge #bitcoin https://t.co/AvzafbaERp
1132977490639634432;KKKukushkin;Eurokostyantyn Zozulya;;2019-05-27 11:50:58+00;1;2;1;про курс #bitcoin начала писать @lentaruofficial . значит опять пора продавать
1132899308372680705;BelensayFinans;𝔂𝑒ş𝒾𝓂𝒷𝑒𝓁𝑒𝓃𝓈𝒶𝓎;;2019-05-27 06:40:18+00;0;86;53;"Heyecan olacak...

Takiye yapılmayacak.

AKILLI insanlara Hitap edilecek.

Bizim  tarzımız bu..

#DOLAR
#DolarTL
#bist
#bist100 
#usdtry
#USDTRY
#XU100 
#𝒷𝑒𝓁𝑒𝓃𝓈𝒶𝓎 2012
#doge #dogeusd
#btc #btcusd
YTD"
1132949829426995201;AlekseyKhlopko;チビスタ@仮想通貨;;2019-05-27 10:01:03+00;0;47;56;"💝イーサリアム ETHプレゼント💝

500RTになったら当選発表💋

・10ETH
・1名様
・当選者にDM
・いいね👍RTしてくれた方
🚀🚀🚀🚀🚀🚀🚀🚀
#プレゼント企画 #BTC #ETH #拡散希望 #KIZ #プレゼント #bitcoin #仮想通貨 #暗号資産"
1132977446377197570;bitcoin_ox;Bitcoin OX;;2019-05-27 11:50:47+00;55;45;45;"Follow! Like! Retweet!
#investing #investment #finance #investinyourself #cryptocurrency #crypto #cryptotrading #cryptomarket #cryptonews  #forextrader #coin #alt #boss #btc #bitcoin #Airdrop #bitcoin_ox #bitcoinox #bitcoin #bounty #Ethereum #freetoken #freecoin #follo4folloback https://t.co/NJ5dpnYubE"
1130520515817422849;AioCasino;AIO Casino;;2019-05-20 17:07:49+00;0;36;35;"We will be releasing more information about our games and token sale soon.

#AioCasino #AioToken #AIO #crypto #bitcoin #blockchain #btc #Casino #Gambling #ICO https://t.co/VEp9Tt65VG"
1132898165684883456;BelensayFinans;𝔂𝑒ş𝒾𝓂𝒷𝑒𝓁𝑒𝓃𝓈𝒶𝓎;;2019-05-27 06:35:45+00;0;72;50;"3-5 Kuruş para bulup BİT i kanlanınca bu milleti ,kendisine ağam-paşam dedirtenler kalitesiz ucuz tiplerdir.

#DOLAR
#DolarTL
#bist
#bist100 
#usdtry
#USDTRY
#XU100 
#𝒷𝑒𝓁𝑒𝓃𝓈𝒶𝓎 2012
#doge #dogeusd
#btc #btcusd
YTD"
1132969242142416896;rektcapital;Rekt Capital;;2019-05-27 11:18:11+00;22;172;9;"Who bought the dips on #Bitcoin before the breakout rally? 🙋‍♂️

$BTC"
1132949627756584960;rektcapital;Rekt Capital;;2019-05-27 10:00:15+00;3;108;10;"Cryptocurrency Bull Market Progress:

▓░░░░░░░░░░░░░░ 5.2%

$BTC #Bitcoin $crypto"
1132977501934723072;wpeace4886;TWpeace4886;;2019-05-27 11:51:00+00;0;0;0;Praise #Satoshi another 10 #Bitcoin blocks have been found! Be thankful for EVERY Block! Block #: 578020 Hash: 000000000000000000178b495c00fd4def4bca1e0440fb3118d696b92bef3050 https://t.co/r4WZ03PbWV
1132977503763480576;WawasanCepat;Boboho;;2019-05-27 11:51:01+00;0;0;0;@bobohokeren01 @sex_kimcil @utamipanjaitan6 @nanaswandanahi1 @kritingkeren212 @tigorketot @tirnahushus @TirnaAyudia @helioskeren @fiedmyelitaput1
1132977506192019467;Dosto420;Shoyli Sheikh;;2019-05-27 11:51:01+00;0;0;0;"The best in class protocol for insurance specially designed with cryptocurrency in mind. More information visit : https://t.co/DFsLUv8xS1 
#inzura #btc #eth #tokensale"
1132977508360437760;James_heart7;James_about_health;;2019-05-27 11:51:02+00;0;0;0;"Bitcoin nears $9,000 as it breaks through its highest level this year https://t.co/sRDNuDAgKW"
1132966899191504896;honanem;ほなねむ@ネッムマンゼム;;2019-05-27 11:08:52+00;0;2;1;"事前に織り込む動き
現在、半減期まであと70日ほど
前回は約50日前に最高値が来た
これに倣えばあと20日ほどで最高値が来る https://t.co/qpr1Ll7t4l"
1132977515079917568;BlockWatcher;Block Watcher;;2019-05-27 11:51:03+00;0;0;0;"Mon May 27 13:50:44 2019 (0:08)
USD : 8726.34
Wght: 0.44
Blk#: 578020
Size: 0.3 KB
TXs:  1
Pool: 6890 (3.6 MB)
@dellisny 0
#bitcoin"
1132977525221552129;ASalizas34360;黒崎一護仮想通貨;;2019-05-27 11:51:06+00;0;0;0;"BTC

現状最も意識すべきである「トライアングル」でしょう。

先日の急落でより明確となりました。

AC点を結ぶサポートラインの防御が成功すると、トリプルボトムの形成。

トライアングル上抜けの可能性は大きく高まります。

昨日の日足ではライン付近での大きな下ひげが形成されました。 https://t.co/ov1ImRkpef"
1132977526211469314;imogenstephani1;らき☆すた高良みゆき;;2019-05-27 11:51:06+00;0;0;0;"BTC

週足のチャネルライン下端まで価格が落ち込みました。

日足の形を見ても売り疲れの印象を受けます。

ここからチャネルを守りつつ順当に推移すると、

来年末あたりには最高値へ接近することになります。 https://t.co/BwQnGJ1O6b"
1132977527201255425;jexpotz;Jexpotz.com;;2019-05-27 11:51:06+00;0;0;0;Get best buy shopping spree https://t.co/wugOf3ZO0a ##jexpotz #bitcoin
1132977526811316224;Bitcoin_Win;Bitcoin Warrior;;2019-05-27 11:51:06+00;0;0;0;Bitcoin price prediction: BTC prices primed for small correction that could evolve into a major correction https://t.co/EReoNA2VSO https://t.co/fCq5vvcDDy
1132977528539234304;dotmops;.mops;;2019-05-27 11:51:07+00;0;0;0;"don't care if CSW is satoshi or not, what I'm sure about is BSV will pump a decent amount in a real bull run 👌🏻gimme gimme"
1132977535128522753;gravityf0rce;universal mind;;2019-05-27 11:51:08+00;0;0;0;"In the last edition of “Crypto Trader Digest” it was suggested that the recent IEO boom is a sign of returning Bitcoin bulls. IEOs have already seen massive success: Bitfinex raising $1 billion from investors, Binance seeing long lines for its IEOs. https://t.co/oLtOyRiKle"
1132977538676879360;tomar_saniya;Saniya Tomar;;2019-05-27 11:51:09+00;0;0;0;"@bitcoin13401109 

BitMEX’s Hayes: Bitfinex’s LEO Sale Sign Of Returning Bitcoin Bull Market

Weeks ago, Bitcoin exchange giant Bitfinex raised $1 billion worth of capital, purportedly denoted in Tether’s USDT, in an in-house initial exchange….read more https://t.co/rlMUzohmZN"
1132977539259879425;tuyetnga97;Tuyet Nga;;2019-05-27 11:51:09+00;0;0;0;#duong #dung #duy #loan #tam @oanh #toi #anh #tan #tuyen
1132977544704155648;ereyestercrypto;仮想通貨価格通知BOT(BTC/JPY ETH/JPY XRP/JPY LTC/JPY);;2019-05-27 11:51:11+00;0;0;0;"BTC/JPY = 954442円 
ETH/JPY = 29159円 
XRP/JPY = 44.683円 
LTC/JPY = 12439.4円 
#ビットコイン #仮想通貨 #BTC #ETH #XRP #LTC"
1132977544939102213;mrtrilllife;Daniel Esekhile;;2019-05-27 11:51:11+00;0;0;0;"Bitcoin Price Backs Off 12 Month Highs, But Bias Remains Bullish https://t.co/VkZkfI7Why #CryptoToday"
1132900226799407104;BelensayFinans;𝔂𝑒ş𝒾𝓂𝒷𝑒𝓁𝑒𝓃𝓈𝒶𝓎;;2019-05-27 06:43:56+00;0;64;41;"Hırpoları,kırtoları yeri geldiği zaman en sert şekilde eleştiririz.:))

Bu millet artık uyanmalı.

UCUZ '''itiplerin''' peşinden gidip GELECEĞİNİ karartmamalı.

#DOLAR
#DolarTL
#bist
#bist100 
#usdtry
#USDTRY
#XU100 
#𝒷𝑒𝓁𝑒𝓃𝓈𝒶𝓎 2012
#doge #dogeusd
#btc #btcusd
YTD"
1132977518808580098;leboncoincrypto;Le Bon Coin Crypto;;2019-05-27 11:51:04+00;0;0;1;#Blockchain #Crypto #Bitcoin #Ethereum #Trading Europol ferme un crypto-service qui facilitait le blanchiment d’argent: https://t.co/z4XbOb0qdo
1132844785016954881;barrysilbert;Barry Silbert;;2019-05-27 03:03:38+00;24;824;235;Bitcoin hits all-time high in Argentine pesos https://t.co/k9BAow4wdP via @financialtimes
1132384538943000576;mdudas;Mike Dudas;;2019-05-25 20:34:47+00;38;376;38;"Bitcoin at $8,000 is a generational opportunity to create wealth for yourself and your family."
1132901979511021568;BelensayFinans;𝔂𝑒ş𝒾𝓂𝒷𝑒𝓁𝑒𝓃𝓈𝒶𝓎;;2019-05-27 06:50:54+00;0;66;41;"Herif, DİN i mi kullanıyor...UZAK DUR.

Herifi,milli ortak değerleri istismar mı ediyor...UZAK DUR.

#DOLAR
#DolarTL
#bist
#bist100 
#usdtry
#USDTRY
#XU100 
#𝒷𝑒𝓁𝑒𝓃𝓈𝒶𝓎 2012
#doge #dogeusd
#btc #btcusd
YTD"
1132655824508211201;MessariNews;Messari News;nan;2019-05-26 12:32:46+00;1;36;12;"Over a quarter of Kraken employees get paid in bitcoin

https://t.co/p0CaHyqL5B"
1132977550185996288;AKlem70;リロアンドスティッチ;;2019-05-27 11:51:12+00;0;0;0;"BTC
週足ベースでの大きな下落後のW底っぽい値動き形成中だけども一枚目黒丸の所下落に対しての上昇圧が弱すぎるかつ乱高下しながらの上昇で底固めも大してしてないので大きく上昇していくか疑問
２、３枚目の４時間足では平行レンジともウェッジとも言える動きを形成中 https://t.co/iu8dDJehsn"
1132977558214123520;KBryanW;Bryan Walker;;2019-05-27 11:51:14+00;0;0;0;"@VoluntaryNation Bitcoin's designed to make central control as difficult as possible and maintain soundness (falling inflation/supply cap).

We don't know how many dollars or how much gold there is. Inflation can vary wildly. Must trust others...

That is much worse than early volatility imo."
1132977559568826369;HammerToe;Matt Hamilton;;2019-05-27 11:51:14+00;0;0;0;"@BTC_de_Blog @shilch_ @DeutschlandXrp Right. Yes, a Bitcoin full node needs the full history to operate due to the UTXO nature of it. You don't need that with a node on the XRP ledger. That is why it is so much faster to spin up and sync a node on the XRP Ledger."
1132977563847077888;ZucksArmy;Zuck's Army;;2019-05-27 11:51:15+00;0;0;0;"Bitcoin Holds onto Gains as it Rises Above $8,600 https://t.co/TwDKF08kFW"
1132963243243315200;BitQueenBR;BitQueenBR👑🇧🇷;;2019-05-27 10:54:21+00;8;54;6;"$ETH reaching potential bounce area on the BTC pair. 

Overall not my favourite chart against btc  atm. https://t.co/jGKqiCtt0v"
1132977574085386241;Cryptobite;CRYPTO;;2019-05-27 11:51:18+00;0;0;0;"🔥 Bitcoin скоро поднимется выше $10 000. В этом уверен трейдер Питер Брандт. /  / Аналитик сделал прогноз на курс первой криптовалюты. Эксперт утверждает, что после резкого роста произойдет коррекция  /   / В ближайшее время курс Bitcoin.. https://t.co/x3woxsMHbI"
1132977574953594880;a_hamdyofficial;Voodoo;;2019-05-27 11:51:18+00;0;0;0;@APompliano @Nouriel Please have a mercy on him... regret is killing him because he didn't believe in Bitcoin 🤣🤣🤣🤣🤣
1132977579739115520;YellingLion;Yelling Lion Studio;;2019-05-27 11:51:19+00;0;0;0;"Success
#blockchain #cryptocurrency #bitcoin #ethereum #ICO #P2PS #P2PSF #startup"
1132977590799671297;bitcoinagile;BitcoinAgile;;2019-05-27 11:51:22+00;0;0;0;"#bitcoin Holds onto Gains as it Rises Above $8,600 https://t.co/443qauccqg"
1132977600282988544;Glowto1994;Glowto;;2019-05-27 11:51:24+00;0;0;0;@Bullyena Had the anomaly due to BTC but still valid in my opinion. I’m holding
1132967695442296832;ThinkingXBT;ezbrah;;2019-05-27 11:12:02+00;17;89;8;"Indicator giving a very rare top signal on the H1, and funding + sentiment also suggests to me that we may be forming a top here. Not too confident in my 9.6k target anymore. Closing Bitcoin longs and re-evaluating. https://t.co/TuIRHsqHq6"
1132941386527854593;raghav_nayan;Nayan;;2019-05-27 09:27:30+00;38;21;37;"💥Who wants a #giveaway💥

20$ worth of the #Crypto which wins this poll..

Winner will be chosen at the end of the poll from the retweets‼️

Rules‼️

✍️ Follow me, RT &amp; vote for the one you want to win👌

$wan $strat $icx $aion $btc $trx $eth"
1132577268855914497;network_helios;Helios Network;;2019-05-26 09:20:37+00;43;70;64;"🎁  2 000 000 $IOS #Giveaway 🎁 

1000 telegram members will be selected  !! Distribution 30 may.

✅ Follow us
✅ Like &amp; RT 
✅ Join https://t.co/iAR2E1cba9   post a message &amp; be active ⚠️

🌟 Optional: Tag Friend (1k bonus)

#Airdrop #bounty #Blockchain  #crypto #BTC #eth"
1132977595904139264;AXAIRDAM;AXAIR;;2019-05-27 11:51:23+00;0;0;1;"Crypto-comeback - ""omslagpunt dichtbij?"" https://t.co/svjp6xw82J"
1108810883290095616;Airdropnotecom;Crypto Airdrops;;2019-03-21 19:21:29+00;0;13;13;"#Bitcoin #Satoshi #crypto #blockchain #Airdrop
New Airdrop #Bethereum 📢

Bethereum is Hosting FREE Gaming Contest !

Join to compete for a massive 12 MILLION #Bether in prizes ✈️

💰 Up to 30,000 #Bether

1. Join Here : https://t.co/C219dJDrBp 🚀

2. Bet on Sport Matches to win https://t.co/kPdf8XKxd1"
1132835260318638080;Ben_Harper;Ben 🌱;nan;2019-05-27 00:25:47+00;0;0;1;"Ever wonder what it’s like to argue for 7 hours with a whole subreddit that hates you?

I did this last night in /r/btc. 

“The problem with BitcoinCash”...

#cryptotrading #Bitcoin $btc #cryptotwitter #altcoin $bch #scaling #community #scam #fraud

https://t.co/YTTrpnT7wR"
1132977556267814912;Wbackdown;Won’t ₿ack Down 💥🚀;;2019-05-27 11:51:13+00;1;4;2;"Planing on going to sleep and waking up to either Bitcoin at 10k or my Alts popping. 

Either will be fine. 

Hell, even a hard dip will be fine, I’m not greedy! 

#bitcoin #crypto"
1132902035492356096;BelensayFinans;𝔂𝑒ş𝒾𝓂𝒷𝑒𝓁𝑒𝓃𝓈𝒶𝓎;;2019-05-27 06:51:08+00;0;62;36;"Herif,bütün millete yalan mı söylüyor...UZAK DUR.

Ekonomi biliyorum diye gelip bi bok bilmediği ortaya çıkanlardan UZAK DUR

#DOLAR
#DolarTL
#bist
#bist100 
#usdtry
#USDTRY
#XU100 
#𝒷𝑒𝓁𝑒𝓃𝓈𝒶𝓎 2012
#doge #dogeusd
#btc #btcusd
YTD"
1132752910004248578;oryx_project;Oryx Token;;2019-05-26 20:58:33+00;0;19;16;"Decentralization Social Network
First project By Oryx ,Fully decentralized, or hybrid, taking the best of both worlds.
✅ It looks like Facebook and works pretty fluently.
Try out this amazing a beta version.
✨ Enjoy 
https://t.co/RnTWlb7eec
#airdrop #btc #crypto  #token"
1132374544575094784;sign_keys;SignKeys;;2019-05-25 19:55:04+00;91;203;155;"💥#SignKeys is offering a FREE listing to the winner of this vote.

‼️The Only Guaranteed Secure Wallet That Lets You Earn‼️

Good Luck To Each #Community
@electroneum
@DigiByteCoin
@tokenpay
@PACcoinOfficial 

#CryptoTwitter #Crypto $ETN $DGB $TPAY $PAC $BTC $ETH $LTC $KEYS ✍️🔑"
1124328505544601601;CreditTerra;Terra Credit;;2019-05-03 15:02:59+00;213;1870;1744;"CREDIT trading leaderboard is available in realtime Now you can see your position at 👇

https://t.co/Wnd7cE3PU3

Credit Trading Competition details, please check here 

https://t.co/v8aANWylFo

#creditterra #bounty #airdrop #crypto #trading #credit @catexofficial https://t.co/tYjg6VHtsa"
1132977613184602112;Inchingo;Did you wash your legs & feet today nasty?;;2019-05-27 11:51:27+00;0;0;0;D.I.V.O.R.C.E.
1132977617534095360;Bob_Hopium;Bob Hopium 🚀🚀🚀🙏🏻💎💎💎;;2019-05-27 11:51:28+00;0;0;0;This is a great explanation $rsr
1132977622680461313;SquidCurious;CuriousSquid;;2019-05-27 11:51:29+00;0;0;0;"39 #Cryptocurrency Hacks: $1.93 Billion in Loss Over 5 Years

#MEDICIresearch #Bitcoin #cryptocurrencies #Hacks #blockhain https://t.co/qNH9D5O3x7"
1132977636425121794;DLCeMoney;#EstrategiaeMoney 💰;;2019-05-27 11:51:32+00;0;0;0;"Un año para el halving de Bitcoin, AT&amp;T y Facebook entran en la criptoindustria https://t.co/A6tOITVURG https://t.co/rXyctollw8 https://t.co/OvPyNY3xt4"
1132977641693360130;bornaprpic;Borna Prpic;;2019-05-27 11:51:34+00;0;0;0;"@eevblog Well, you even have anonymous bitcoin cash machines here in Europe."
1132977644646150145;Kointimes;KoinTimes;;2019-05-27 11:51:34+00;0;0;0;Mayer’e göre #Bitcoin fiyatı 250.000 doları görecek.
1132977652321546245;tomar_saniya;Saniya Tomar;;2019-05-27 11:51:36+00;0;0;0;"@cryptoc77528931 

BitMEX’s Hayes: Bitfinex’s LEO Sale Sign Of Returning Bitcoin Bull Market

Weeks ago, Bitcoin exchange giant Bitfinex raised $1 billion worth of capital, purportedly denoted in Tether’s USDT, in an in-house initial exchange….read more https://t.co/rlMUzohmZN"
1132977654322388992;DetroitCrypto;J. Scardina;;2019-05-27 11:51:37+00;0;0;0;"Current Crypto Prices! 

BTC: $8716.59 USD
ETH: $266.32 USD
LTC: $113.84 USD
BCH: $432.15 USD
XLM: $0.1328 USD
DOGE: $ 0.003051 USD
NEO: $12.04 USD
XRP: $0.4089 USD
CANN: $0.001481 USD
EMC2: $0.12 USD
XMR: $94.65 USD
BTG: $24.31 USD"
1132977662551580672;jesusugas;Jesus Ugas;;2019-05-27 11:51:39+00;0;0;0;Estoy pendiente
1132977674031226881;levanha87690860;levanhau;;2019-05-27 11:51:41+00;0;0;0;#blockchain #cryptocurrency #bitcoin #ethereum #ICO #P2PS #P2PSF #startup
1132977676824829952;KanoTheTruth;Kanoˢᵛ;;2019-05-27 11:51:42+00;0;0;0;@sheikki @APompliano The people that get rekt will never forget $btc 😂 🤦‍♂️
1132953945024880640;KevinLWalker;Kevin L. Walker;nan;2019-05-27 08:17:24+00;0;3;2;"Bitcoin from $8,000 to $8,700 overnight 🚀 
#Bitcoin 

https://t.co/Ffxp8AMb7z"
1132980485674680320;ExpertOption1;ExpertOption;;2019-05-27 12:02:52+00;0;0;0;https://t.co/WYk883koj1
1132977684202557443;gilian1989;Gilian;;2019-05-27 11:51:44+00;0;0;0;"@mohikandan @whalepool @saifedean @TuurDemeester @aantonop They still don't have to call everything but bitcoin a shitcoin, wish for losses for altcoin holders or call everything but bitcoin completely worthless. It's elitist and toxic.

The fact you call others retards and tuur de meester liking your tweet shows exactly how toxic..."
1132977691391455232;r_gadangholic;welly r'gadangholic;;2019-05-27 11:51:45+00;0;0;0;"2nd round 1000T free BTC hashrate giveaway,follow our twitter&amp;invite friends to follow for more BTC hashrate! https://t.co/3UbEcZPwao"
1132977699830427648;cryptoshiro;クロクリプト《白》;;2019-05-27 11:51:48+00;0;0;0;"ソーサーボトム感出てきた

過去チャート見てもBTCはソーサーめっちゃ効くから意識すると幸せになれたりする"
1132977700602122240;graysonjlm;grayson;;2019-05-27 11:51:48+00;0;0;0;"@IAMboater @DeaterBob VC in any ""crypto"" other than BTC is a waste because literally 0 of these alts will succeed.  Yes, you can speculate on a hot new alt and rip 100x but in the long run you're just wasting economic enery with, what is essentially, a big hyped up roulette wheel"
1132963563335761920;LoranKloeze;Loran Kloeze;;2019-05-27 10:55:37+00;1;4;3;"Topmuntje, die Bitcoin https://t.co/NeJ8O6s4jS"
1132980750993821697;Koning_Marc;Marc de Koning;;2019-05-27 12:03:55+00;0;0;0;@bittybitbit86 I've been here since 2013. Bought a boatload of btc at $150.
1132981415375585281;hai39269446;hai;;2019-05-27 12:06:33+00;0;0;0;#blockchain #cryptocurrency #bitcoin #ethereum #ICO #P2PS #P2PSF #startup
1126820394768318464;dragonblubz;DragonBlubZ;nan;2019-05-10 10:04:52+00;0;0;0;#QKC #Blockchain #BTC #ETH #blockchaintechnology #sharding
1126822267789271041;muhammed27aslam;AslamPasha;nan;2019-05-10 10:12:18+00;0;0;0;#QuarkChain #QKC #BTC
1132331510504120320;maragigayan;マーラーぎがやん🍇 blockchain👾;;2019-05-25 17:04:04+00;11;219;77;"よし、みんな寝たかな？
愚痴って良いかな？ww

GincoのウォレットからBTCを4000円くらい送ったら3000円手数料取られて震えてる🙀 https://t.co/pK0rOi1zFr"
1127104374117949441;justinsuntron;Justin Sun;;2019-05-11 06:53:18+00;352;2653;727;"Never too late to buy. The best timing to buy $BTC, ten years ago or now."
1132977669690331136;cryptoprotocol_;Crypto protocol;;2019-05-27 11:51:40+00;0;0;1;It happened. Could $10k be next for bitcoin? https://t.co/dkpQQCtPTj
1128788769489006599;btm_community;Bitcoin Mart;;2019-05-15 22:26:29+00;2104;4425;5070;"Free 100 BTM worth of $24 #Airdrop from @btm_community 
We are distributing Airdrop to the first 5,000 users freely before our #SelfDrop goes live.
Register with us, login and click on Get Airdrop link.
https://t.co/Lt6dcsHIN4

#blockchain #BTM #bitcoin #token #ethereum #Ripple"
1132980377608499201;In4Crypto;battbot;;2019-05-27 12:02:26+00;0;0;1;Look at these current #bitmex $BTC and $ETH funding rates... lol https://t.co/scnTDOmvet
1132590345219391488;funontheride;Funontheride;nan;2019-05-26 08:12:35+00;0;9;2;¿Pueden 10000 cerebros y una IA llamada Rose predecir el precio de Bitcoin?😱➤https://t.co/S6Oqr4kbUB 🔃Rt #Cryptonoticias #bitcoinnews #TTM🍉🚀 https://t.co/DnsbpZoL8O
1132837402324742145;devnullius;❌ #Altcoin Devvie ❌;nan;2019-05-27 00:34:18+00;0;6;4;"Bitcoin nears $9,000 as it breaks through its highest level this year - CNBC https://t.co/hKSOYNfhEO"
1132891860588908545;narumi_btc;なるみ＠仮想通貨女子(ネカマ);nan;2019-05-27 04:10:42+00;0;9;2;最近の意味不明なBTCの動き見ていると普通に100万超えていきそうに感じない？
1132798030623793152;DashDinheiro;Dash Brasil 🇧🇷;;2019-05-26 23:57:51+00;0;6;3;Bom Dia Cripto / Bom Dia Digital - Todos os dias as 6 da matina no canal DASH DINHEIRO DIGITAL https://t.co/RLAA1AhsQs Notícias do Brasil e do Mundo das Criptomoedas. Apresentado por Rodrigo Digital #Dash #DashNation $Dash #DashPay #RodrigoDigital  #DashDinheiroDigital #Bitcoin https://t.co/aL27OrSEjx
1132977702590459907;BitcoinBlockBot;BitcoinBlocks;;2019-05-27 11:51:48+00;0;0;0;"Block Number: 578,020

Time: 5/27/2019, 11:50:44 AM UTC

Miner: Unknown

Transactions: 1

Block Value: 12.5 BTC

Size: 288 bytes

Total Supply: 17,725,250
(84.40595% BTC issued)

Price: $8763.79"
1132977702732849152;BitcoinBlockBot;BitcoinBlocks;;2019-05-27 11:51:48+00;0;0;0;"Block Number: 578,019

Time: 5/27/2019, 11:50:36 AM UTC

Miner: AntPool

Transactions: 2,687

Block Value: 7,498.375 BTC

Size: 1,216,952 bytes

Total Supply: 17,725,237.5
(84.40589% BTC issued)

Price: $8763.79"
1132977717220126720;MoneyhealthF;MoneyHealth &Finance;;2019-05-27 11:51:52+00;0;0;0;"Ease of #business Ease of business If Prime Minister Imran Khan … Pakistan’s ease of doing business score, then all he needs … https://t.co/6Nzhy0i65d #bitcoin #stocks #news https://t.co/lHHhm4vv9B"
1132977722471473152;job_scenar;Morpheus is Black Odero Omolo;;2019-05-27 11:51:53+00;0;0;0;"THE BITCOIN WHITEPAPER

onion can download and claim ownership, am in a good mood so
i wont start on some chimp. continue with the assholery
assuming we respect the american copyright
bullshit america is a small country in
the world full male pussies
try that shit in Russia
🤣🤣"
1132977725210148869;geminigoldsaint;Lukman NH (a.k.a Lucky Sign);;2019-05-27 11:51:54+00;0;0;0;"What's Happening? Ask twitter. 
My answer is: 

#today I find a path to 5️⃣0️⃣ K.

#bitcoin #1SAT1USD #thankyousatoshi 

₿F"
1132977733443567618;asakim_ylkeem;ミカサ;;2019-05-27 11:51:56+00;0;0;0;"ブロックチェーンはネットワークだインフラだと言うならお金(仮想通貨)無関係でもいいんじゃね？っていうね

ブロックチェーンがお金じゃないといけない理由はBTCがそうだから以上の理由ないよね

仮想通貨を実現するにはブロックチェーン(の類)であることに依存するけど"
1132977732386787329;SCOTTISHAGAINST;B;;2019-05-27 11:51:55+00;0;0;0;#bitcoin #xrp #vechain #blockchain #Crypto #Cryptocurency xrp #Celtic https://t.co/vavhxB4SkA
1132977735058333701;Rahulku48630663;Rahulxyz;;2019-05-27 11:51:56+00;0;0;0;"nice project good one 
@barrysilbert @HenrikhMkh @KDTrey5 @KSHMRmusic @AriDavidPaul @psskow @Unathi_Kwaza @kpagekirby @ZHAF_NST @GStephanopoulos"
1132977736404750336;JasonA181;Jason A;;2019-05-27 11:51:56+00;0;0;0;"#BTC,#LTC,#XRP Top 6 cryptocurrencies all manipulated 26May 2019 7pm -9pm see Tradingview charts.  NOT subtle"
1132977738632060928;fatih_dr5858;Fatih Yıldırım;;2019-05-27 11:51:57+00;0;0;0;@Florian_Advisor @gotogodofficial @KYC3COM @kartiywallet @LOVEAirCoffee @swapcoinz @huyen32305814 @FreecoinHunt @p2psf @aibbio
1132977745296801794;Flik8888;Lorenzo;;2019-05-27 11:51:58+00;0;0;0;"#ETERBASE is the first regulation-compliant European cryptocurrency exchange, offering fast, secure trading on a clean, powerful, user interface. 
Fore more information visit https://t.co/3OU42ousmN #bitcoin #exchange"
1132977747700199425;xcryptoxx;Crypto X;;2019-05-27 11:51:59+00;0;0;0;nerde kalmıştık 😅
1132977750812299264;Cryptomaster_fr;Cryptomaster;;2019-05-27 11:52:00+00;0;0;0;"Tron (TRX) monter en flèche alors que les Altcoins accélèrent suite à la flambée des prix de Bitcoin - 

Les dernières heures ont vu le marché ajouter environ 25 milliards de dollars. Bitcoin, comme nous l&amp;#39;avons signalé, a connu une ha... - https://t.co/gfbCHvx6lX https://t.co/d9DxyeTUKX"
1132977748379488257;alice_xxxaaa;"Alice @ crypto income only over $ 10,000 a month";;2019-05-27 11:51:59+00;0;0;0;"Today income was $ 517👑 It was good to do it✨Install and operate the wallet app❣️
https://t.co/W3qppDOYf0

#bitcoin #plustoken #cryptocurrency #Investment #BTC #ETH #XRP #wotoken https://t.co/cv2K6uiuWH https://t.co/zqtoUqPpdt"
1132977756311040000;denissesandu;Denisse Sandu;;2019-05-27 11:52:01+00;0;0;0;btc bitcoin exchange - Binance https://t.co/Iu2Q2oEB91
1132977756353048577;FinZTribune;ZTribune;;2019-05-27 11:52:01+00;0;0;0;May 26-27 was a good day for Bitcoin Supreme $BSPM after 1.33% increase https://t.co/7QklqMauor
1132977763479166976;cryptonewszcom;CryptoNewsZ;;2019-05-27 11:52:03+00;0;0;0;"@bitcoingold #PriceAnalysis : #BitcoinGold might witness good days in the near future
#CryptoNewsZ #Cryptocurrency #BTG
https://t.co/ccaPopIKsy"
1132977764494135296;fortivus;Fortivus Strategy Consulting;;2019-05-27 11:52:03+00;0;0;0;Art of Trading #Trading #GOLD #bitcoin  https://t.co/9Bi0YSXSse
1132977765429465088;Pillai_Sunil;Sunil G Pillai;;2019-05-27 11:52:03+00;0;0;0;"Can 10,000 brains and an AI called Rose predict the price of Bitcoin? https://t.co/VRIpTtqlS1 #ai"
1132977765706113024;usamomentum;USA MOMENTUM;;2019-05-27 11:52:03+00;0;0;0;"Bitcoin zet opmars voort, klimt richting 9.000 dollar https://t.co/PbZb2V1YPh https://t.co/UFp7J3Myy9"
1132977769174962176;starcontract;STARCONTRACT;;2019-05-27 11:52:04+00;0;0;0;"CriptoNoticias: Un año para el halving de Bitcoin, AT&amp;T y Facebook entran en la criptoindustria #Comunidad https://t.co/AdN4rYwLli"
1132977773247717376;coinwisdom2017;Coin Wisdom News;;2019-05-27 11:52:05+00;0;0;0;[News BTC] Why Analysts are Adamant #Bitcoin Rally is Just Gettin’ Started After 130% Gain https://t.co/VBTKwyNS6S #CryptoCurrencies
1132977762157846528;HowardKoo_IM;Howard Koo;;2019-05-27 11:52:02+00;0;0;0;"New post: Top 3 Price Prediction Bitcoin, Ripple, Ethereum: BTC/USD struggles to maintain newly conquered https://t.co/1pZ1xJI0TN"
1128043667099475968;satoexchange;SatoExchange;;2019-05-13 21:05:42+00;200;455;387;"#retweet &amp; tag
🎁🎁We are glad to announce in partnership with iC2S team the iC2S and #Litecoin mega #Airdrops

🍀Get 10,000 iC2S and 0.001 $LTC limited to 1st 5,000 members on #SatoExchange

Read more https://t.co/GpyvCgLrdt
#bitcoin #blockchain $SATX #SATX #SatoExchange #bounty"
1132964354389889024;Graham__Hannah;BrewD0G;nan;2019-05-27 08:58:46+00;0;0;0;The Top 5 Countries Gripped by Bitcoin FOMO Right Now https://t.co/tV5V0mYqcl
1132977773805494272;Cryptobuddy13;Cryptobuddy;;2019-05-27 11:52:05+00;0;0;0;"Bitcoin Surges to Highest Price For Over a Year, Will it Reach $10k This Week? 

https://t.co/KRAYewwZIU

#Coinbase #cryptocurrency #crypto #Blockchain #BTC #bitcoin #BTCUSDT #eth"
1132977765542535169;iagunyl;Iaguny@Followback💯@Bitcoin@Crypto;;2019-05-27 11:52:03+00;0;0;0;Followback in 24h  U.S. women ready for World Cup https://t.co/pCmcTS40cs  IFB ETH BTC Crypto https://t.co/e6jJCxLytC
1132977776640679936;dovizaltin;finans;;2019-05-27 11:52:06+00;0;0;0;Bitcoin 2019'un en yüksek seviyesini gördü https://t.co/57w31ciUDx https://t.co/tuvadPbPoh
1132977772328972296;iagunyl;Iaguny@Followback💯@Bitcoin@Crypto;;2019-05-27 11:52:05+00;0;0;0;Followback in 24h  Pagenaud holds off Rossi to win 103rd Indy 500 https://t.co/8aq75OT92h  IFB ETH BTC Crypto https://t.co/gqsUQd62sI
1132977778763059202;takefum50085177;takefumi;;2019-05-27 11:52:06+00;0;0;0;大きすぎるものは観測すら難しい。今のBTCが$20000を優に越える環境の変化が起こり始めていたら、どうでしょう？
1132977781287952384;tomar_saniya;Saniya Tomar;;2019-05-27 11:52:07+00;0;0;0;"@crypto_goat_ 

BitMEX’s Hayes: Bitfinex’s LEO Sale Sign Of Returning Bitcoin Bull Market

Weeks ago, Bitcoin exchange giant Bitfinex raised $1 billion worth of capital, purportedly denoted in Tether’s USDT, in an in-house initial exchange….read more https://t.co/rlMUzohmZN"
1132977780293898240;wandar47995;プーさん☆プレゼント;;2019-05-27 11:52:07+00;0;0;0;"BTC

強力な上げ波動でトライアングルレジスタンスラインに直面。

ここが現状BTC最大の局面です。

note第2弾()の記述通りの値動きです。

画像は
「note第2弾:2.fibonacci」
の記述の一部分を抜粋したものです。 https://t.co/YJvHyBvBfi"
1132977783339143169;gilian1989;Gilian;;2019-05-27 11:52:07+00;0;0;0;@mohikandan @whalepool @saifedean @TuurDemeester @aantonop ...the bitcoin community is.
1132977797092270080;my_first_1btc;Crypto-info;;2019-05-27 11:52:11+00;0;0;0;#cryptocurrencies #crypto #altcoins #cryptotrading #BTC #blockchain Angel Crypto Investor Roger Ver and Lightning Network Supporter Tone Vays: A Look at the Debate https://t.co/ctr299PfJV
1132977797264302080;yusfreak;Yus;;2019-05-27 11:52:11+00;0;0;0;Why Analysts are Adamant Bitcoin Rally is Just Gettin’ Started After 130% Gain https://t.co/bJVM2pNz3M https://t.co/xukQH4M85I
1132977798979772416;my_first_1btc;Crypto-info;;2019-05-27 11:52:11+00;0;0;0;#cryptocurrencies #crypto #altcoins #cryptotrading #BTC #blockchain IOTA Price Prediction Today: Daily (MIOTA) Value Forecast – May 27 https://t.co/dnmGdaMhAQ
1132977813965934593;Ysruh_El;Fernando Martínez;;2019-05-27 11:52:15+00;0;0;0;"Bitcoin, ETH, Iota, Brave...EL FUTURO https://t.co/PQ8VYRd1Qr"
1132977814117003264;Miha_Levin;Михаил Левин;;2019-05-27 11:52:15+00;0;0;0;"@JanetteFuller
@pq092 
@morganclara14
@1gIPfhVVPHUtDF0 
@Maatje1963
@SimonCocking
@s_af76
@johnonaivi 
@NShkilev 
@MercadoTope07"
1132977820760719360;odebdeb;KING MON;;2019-05-27 11:52:16+00;0;0;0;"@paxful @paxful  
my PC was infected with a RAT and a person tried to gain access to my account through FRAUD ID - and you have banned my account i am seller with 0.1 BTC bond their is no support answering me. my user name is : LinusTech_King"
1132977823440875520;GeorgeGlorio;GeorgeGlorio;;2019-05-27 11:52:17+00;0;0;0;Check this article from @Quark_Chain  #QKC #Blockchain #BTC #blockchaintechnology #sharding
1132977827723169792;coin68;Coin68 - Tin tức tiền điện tử mỗi ngày;;2019-05-27 11:52:18+00;0;0;0;"Bitwise đã nói thì chắc là đúng! ☺️

https://t.co/b6Ot2GlEah"
1132977828063076354;cot_criptomoeda;Cotação Criptomoedas;;2019-05-27 11:52:18+00;0;0;0;"O valor médio das criptomoedas é:
 Bitcoin(BTC) R$ 34131,98 
 Litecoin(LTC) R$ 436,74 
 Bitcoin Cash(BCH) R$ 1702,77 
 Ethereum(ETH) R$ 1051,58 
 #bitcoin #litecoin #bitcashcoin #ethereum"
1132978778366328832;bitcoin_renaiw;【KJ】投資/FX/勉強中;;2019-05-27 11:56:05+00;0;0;0;"全モ委員会発動！
$BTC https://t.co/hnv0uiX0A3"
1132974621437902848;Bodhi_Zaffa;Joey 2 Stacks B.A. 🇨🇦;;2019-05-27 11:39:34+00;0;0;2;"Live as a socialist ?

No thanks I’d rather push worms.  🇺🇸🇨🇦

#MemorialDayWeekend2019

#MondayMotivaton 
#MondayMood #RainyMonday 
#AttackOnTitan 
#Ahmadiyya 
#Aladdin 
 #ISurvivedAnotherYear 
#ZeroToleranceForExtremists #EuropeanElectionResults #Earthday #KhilafatDay #bitcoin"
1132977782865235969;palevell;Patrick Allan 🇨🇦🇺🇸;;2019-05-27 11:52:07+00;0;5;1;The latest The Patrick Allan Daily! https://t.co/9lClThV16q Thanks to @heathrodgirs @lightbkey @KingofDaddys #bitcoin #cdnpoli
1132977785432084480;myDex_pay;MyDex_pay;;2019-05-27 11:52:08+00;0;6;3;"Şimdi #MydexPay #xmd coin fırsat diyorum çünkü 0.0087 cent tüm dünya dijitalleşiyor peki biz bunun neresindeyiz!!! Bir adım atmanız hayatınızı değiştirir💪
#bitcoin #mydexpay #bitcointürkiye #blockchain"
1132869625711087617;BelensayFinans;𝔂𝑒ş𝒾𝓂𝒷𝑒𝓁𝑒𝓃𝓈𝒶𝓎;;2019-05-27 04:42:21+00;1;59;45;"Bugün Cryptocurrency Piyasaları ve DÖVİZ Piyasaları İLGİNÇ bir gün yaşıyacağa benziyor.

#DOLAR
#DolarTL
